{
    "alur": {
        "precision": 0.8333333333333334,
        "recall": 1.0,
        "f1-score": 0.9090909090909091,
        "support": 5.0
    },
    "lubang": {
        "precision": 1.0,
        "recall": 0.9827586206896551,
        "f1-score": 0.991304347826087,
        "support": 116.0
    },
    "retak": {
        "precision": 0.989247311827957,
        "recall": 0.989247311827957,
        "f1-score": 0.989247311827957,
        "support": 93.0
    },
    "tidak_rusak": {
        "precision": 0.9333333333333333,
        "recall": 1.0,
        "f1-score": 0.9655172413793104,
        "support": 14.0
    },
    "accuracy": 0.9868421052631579,
    "macro avg": {
        "precision": 0.9389784946236559,
        "recall": 0.9930014831294031,
        "f1-score": 0.9637899525310659,
        "support": 228.0
    },
    "weighted avg": {
        "precision": 0.9878654970760234,
        "recall": 0.9868421052631579,
        "f1-score": 0.9870789485639956,
        "support": 228.0
    }
}