{
    "alur": {
        "precision": 1.0,
        "recall": 0.75,
        "f1-score": 0.8571428571428571,
        "support": 4.0
    },
    "lubang": {
        "precision": 0.9615384615384616,
        "recall": 0.9803921568627451,
        "f1-score": 0.970873786407767,
        "support": 102.0
    },
    "retak": {
        "precision": 0.9878048780487805,
        "recall": 0.9529411764705882,
        "f1-score": 0.9700598802395209,
        "support": 85.0
    },
    "tidak_rusak": {
        "precision": 0.7777777777777778,
        "recall": 1.0,
        "f1-score": 0.875,
        "support": 7.0
    },
    "accuracy": 0.9646464646464646,
    "macro avg": {
        "precision": 0.931780279341255,
        "recall": 0.9208333333333334,
        "f1-score": 0.9182691309475363,
        "support": 198.0
    },
    "weighted avg": {
        "precision": 0.9670948593712821,
        "recall": 0.9646464646464646,
        "f1-score": 0.9648373104167826,
        "support": 198.0
    }
}