{
    "alur": {
        "precision": 1.0,
        "recall": 0.75,
        "f1-score": 0.8571428571428571,
        "support": 8.0
    },
    "lubang": {
        "precision": 0.9333333333333333,
        "recall": 0.9739130434782609,
        "f1-score": 0.9531914893617022,
        "support": 115.0
    },
    "retak": {
        "precision": 0.9354838709677419,
        "recall": 0.925531914893617,
        "f1-score": 0.93048128342246,
        "support": 94.0
    },
    "tidak_rusak": {
        "precision": 1.0,
        "recall": 0.8333333333333334,
        "f1-score": 0.9090909090909091,
        "support": 12.0
    },
    "accuracy": 0.9388646288209607,
    "macro avg": {
        "precision": 0.9672043010752688,
        "recall": 0.8706945729263028,
        "f1-score": 0.9124766347544822,
        "support": 229.0
    },
    "weighted avg": {
        "precision": 0.9400385030755505,
        "recall": 0.9388646288209607,
        "f1-score": 0.9382030379237587,
        "support": 229.0
    }
}