{
    "alur": {
        "precision": 0.8571428571428571,
        "recall": 0.6666666666666666,
        "f1-score": 0.75,
        "support": 9.0
    },
    "lubang": {
        "precision": 0.9545454545454546,
        "recall": 0.9905660377358491,
        "f1-score": 0.9722222222222222,
        "support": 106.0
    },
    "retak": {
        "precision": 0.9550561797752809,
        "recall": 0.9239130434782609,
        "f1-score": 0.9392265193370166,
        "support": 92.0
    },
    "tidak_rusak": {
        "precision": 0.8333333333333334,
        "recall": 0.9090909090909091,
        "f1-score": 0.8695652173913043,
        "support": 11.0
    },
    "accuracy": 0.944954128440367,
    "macro avg": {
        "precision": 0.9000194561992315,
        "recall": 0.8725591642429215,
        "f1-score": 0.8827534897376358,
        "support": 218.0
    },
    "weighted avg": {
        "precision": 0.9446235738628275,
        "recall": 0.944954128440367,
        "f1-score": 0.9439431776415845,
        "support": 218.0
    }
}