{
    "loss": [
        0.7046165466308594,
        0.2866961359977722,
        0.21038633584976196,
        0.16640232503414154,
        0.14066998660564423,
        0.11793965846300125,
        0.10480242967605591,
        0.09097126126289368,
        0.08230848610401154,
        0.07533523440361023,
        0.06787353754043579,
        0.05996479094028473,
        0.05562771111726761,
        0.052338164299726486,
        0.048397742211818695,
        0.04430188238620758,
        0.03958151116967201,
        0.03903577849268913,
        0.03731171041727066,
        0.035650160163640976,
        0.03378571197390556,
        0.03344780579209328,
        0.03278416767716408
    ],
    "accuracy": [
        0.7248485088348389,
        0.9048484563827515,
        0.9296969771385193,
        0.9466666579246521,
        0.9575757384300232,
        0.9624242186546326,
        0.9739394187927246,
        0.9775757789611816,
        0.982424259185791,
        0.982424259185791,
        0.9866666793823242,
        0.9896969795227051,
        0.9909090995788574,
        0.9896969795227051,
        0.9915151596069336,
        0.9939393997192383,
        0.9939393997192383,
        0.9951515197753906,
        0.9957575798034668,
        0.9957575798034668,
        0.9969696998596191,
        0.9957575798034668,
        0.9975757598876953
    ],
    "val_loss": [
        0.4202832281589508,
        0.29537612199783325,
        0.2582860291004181,
        0.2372223436832428,
        0.2294192910194397,
        0.18996798992156982,
        0.18778465688228607,
        0.18423888087272644,
        0.18704363703727722,
        0.17273329198360443,
        0.17841286957263947,
        0.17647963762283325,
        0.16202914714813232,
        0.17162403464317322,
        0.16730143129825592,
        0.16814932227134705,
        0.16078400611877441,
        0.1636630743741989,
        0.16945162415504456,
        0.16239164769649506,
        0.1626739501953125,
        0.16546578705310822,
        0.16340211033821106
    ],
    "val_accuracy": [
        0.864628791809082,
        0.8908296823501587,
        0.903930127620697,
        0.9257642030715942,
        0.9213973879814148,
        0.9301310181617737,
        0.9257642030715942,
        0.9257642030715942,
        0.9475982785224915,
        0.9388646483421326,
        0.943231463432312,
        0.9344978332519531,
        0.9388646483421326,
        0.9344978332519531,
        0.943231463432312,
        0.9475982785224915,
        0.9388646483421326,
        0.9388646483421326,
        0.9519650936126709,
        0.9388646483421326,
        0.9388646483421326,
        0.9388646483421326,
        0.9388646483421326
    ],
    "lr": [
        0.0010000000474974513,
        0.0010000000474974513,
        0.0010000000474974513,
        0.0010000000474974513,
        0.0010000000474974513,
        0.0010000000474974513,
        0.0010000000474974513,
        0.0010000000474974513,
        0.0010000000474974513,
        0.0010000000474974513,
        0.0010000000474974513,
        0.0010000000474974513,
        0.0010000000474974513,
        0.0010000000474974513,
        0.0010000000474974513,
        0.0010000000474974513,
        0.0005000000237487257,
        0.0005000000237487257,
        0.0005000000237487257,
        0.0005000000237487257,
        0.0002500000118743628,
        0.0002500000118743628,
        0.0002500000118743628
    ]
}