{
    "alur": {
        "precision": 0.9811320754716981,
        "recall": 0.9454545454545454,
        "f1-score": 0.9629629629629629,
        "support": 55.0
    },
    "lubang": {
        "precision": 1.0,
        "recall": 0.9622641509433962,
        "f1-score": 0.9807692307692307,
        "support": 53.0
    },
    "retak": {
        "precision": 0.896551724137931,
        "recall": 0.9285714285714286,
        "f1-score": 0.9122807017543859,
        "support": 56.0
    },
    "tidak_rusak": {
        "precision": 0.9516129032258065,
        "recall": 0.9833333333333333,
        "f1-score": 0.9672131147540983,
        "support": 60.0
    },
    "accuracy": 0.9553571428571429,
    "macro avg": {
        "precision": 0.957324175708859,
        "recall": 0.9549058645756758,
        "f1-score": 0.9558065025601695,
        "support": 224.0
    },
    "weighted avg": {
        "precision": 0.9565443522152497,
        "recall": 0.9553571428571429,
        "f1-score": 0.9556439213268916,
        "support": 224.0
    }
}