{
    "alur": {
        "precision": 0.9354838709677419,
        "recall": 0.9508196721311475,
        "f1-score": 0.943089430894309,
        "support": 61.0
    },
    "lubang": {
        "precision": 0.9310344827586207,
        "recall": 0.9310344827586207,
        "f1-score": 0.9310344827586207,
        "support": 58.0
    },
    "retak": {
        "precision": 0.9464285714285714,
        "recall": 0.9464285714285714,
        "f1-score": 0.9464285714285714,
        "support": 56.0
    },
    "tidak_rusak": {
        "precision": 1.0,
        "recall": 0.9830508474576272,
        "f1-score": 0.9914529914529915,
        "support": 59.0
    },
    "accuracy": 0.9529914529914529,
    "macro avg": {
        "precision": 0.9532367312887335,
        "recall": 0.9528333934439916,
        "f1-score": 0.9530013691336232,
        "support": 234.0
    },
    "weighted avg": {
        "precision": 0.9532671629445822,
        "recall": 0.9529914529914529,
        "f1-score": 0.9530947939328177,
        "support": 234.0
    }
}