{
    "alur": {
        "precision": 0.75,
        "recall": 1.0,
        "f1-score": 0.8571428571428571,
        "support": 6.0
    },
    "lubang": {
        "precision": 0.9478260869565217,
        "recall": 0.9732142857142857,
        "f1-score": 0.960352422907489,
        "support": 112.0
    },
    "retak": {
        "precision": 0.9545454545454546,
        "recall": 0.9333333333333333,
        "f1-score": 0.9438202247191011,
        "support": 90.0
    },
    "tidak_rusak": {
        "precision": 1.0,
        "recall": 0.7,
        "f1-score": 0.8235294117647058,
        "support": 10.0
    },
    "accuracy": 0.944954128440367,
    "macro avg": {
        "precision": 0.913092885375494,
        "recall": 0.9016369047619048,
        "f1-score": 0.8962112291335382,
        "support": 218.0
    },
    "weighted avg": {
        "precision": 0.9475486818725749,
        "recall": 0.944954128440367,
        "f1-score": 0.9444102883067067,
        "support": 218.0
    }
}