{
    "alur": {
        "precision": 1.0,
        "recall": 0.8,
        "f1-score": 0.8888888888888888,
        "support": 5.0
    },
    "lubang": {
        "precision": 0.95,
        "recall": 0.9827586206896551,
        "f1-score": 0.9661016949152542,
        "support": 116.0
    },
    "retak": {
        "precision": 0.967391304347826,
        "recall": 0.956989247311828,
        "f1-score": 0.9621621621621622,
        "support": 93.0
    },
    "tidak_rusak": {
        "precision": 1.0,
        "recall": 0.8571428571428571,
        "f1-score": 0.9230769230769231,
        "support": 14.0
    },
    "accuracy": 0.9605263157894737,
    "macro avg": {
        "precision": 0.9793478260869565,
        "recall": 0.8992226812860851,
        "f1-score": 0.935057417260807,
        "support": 228.0
    },
    "weighted avg": {
        "precision": 0.9612604881769641,
        "recall": 0.9605263157894737,
        "f1-score": 0.9601596449946138,
        "support": 228.0
    }
}