{
    "loss": [
        0.6554384827613831,
        0.33966299891471863,
        0.2763984501361847,
        0.243287593126297,
        0.21311277151107788,
        0.19074316322803497,
        0.1840345561504364,
        0.17163318395614624,
        0.16288158297538757,
        0.1494564414024353,
        0.14686597883701324,
        0.1470995396375656,
        0.1358843445777893,
        0.13960975408554077,
        0.14451077580451965,
        0.1426035463809967,
        0.1272389143705368,
        0.13003602623939514,
        0.13567906618118286,
        0.13233709335327148,
        0.1251143515110016,
        0.12699712812900543,
        0.11953679472208023,
        0.11345882713794708,
        0.11548992246389389,
        0.10952725261449814
    ],
    "accuracy": [
        0.7559055089950562,
        0.8958880305290222,
        0.9113444089889526,
        0.9212598204612732,
        0.9323418140411377,
        0.9402158260345459,
        0.9422572255134583,
        0.9454651474952698,
        0.9504228830337524,
        0.953339159488678,
        0.9565470814704895,
        0.953047513961792,
        0.9632545709609985,
        0.9547973275184631,
        0.9562554955482483,
        0.9571303725242615,
        0.960629940032959,
        0.960046648979187,
        0.953047513961792,
        0.9620880484580994,
        0.960046648979187,
        0.9594634175300598,
        0.9609215259552002,
        0.966754138469696,
        0.9620880484580994,
        0.9679206609725952
    ],
    "val_loss": [
        0.3498633801937103,
        0.2483249455690384,
        0.2393396645784378,
        0.21060225367546082,
        0.18111486732959747,
        0.1697530895471573,
        0.19208252429962158,
        0.17944155633449554,
        0.1827336549758911,
        0.17865970730781555,
        0.1655011773109436,
        0.1606217473745346,
        0.1586618721485138,
        0.1504463255405426,
        0.1400505006313324,
        0.14066869020462036,
        0.1352677047252655,
        0.14652985334396362,
        0.13574090600013733,
        0.13480333983898163,
        0.13721153140068054,
        0.139889657497406,
        0.13670432567596436,
        0.1368180215358734,
        0.1381121277809143,
        0.136019766330719
    ],
    "val_accuracy": [
        0.9035087823867798,
        0.9078947305679321,
        0.9210526347160339,
        0.9342105388641357,
        0.9429824352264404,
        0.9473684430122375,
        0.9517543911933899,
        0.9561403393745422,
        0.9517543911933899,
        0.9473684430122375,
        0.9561403393745422,
        0.9429824352264404,
        0.9429824352264404,
        0.9649122953414917,
        0.9561403393745422,
        0.9517543911933899,
        0.9517543911933899,
        0.9561403393745422,
        0.9517543911933899,
        0.9605262875556946,
        0.9561403393745422,
        0.9605262875556946,
        0.9561403393745422,
        0.9649122953414917,
        0.9605262875556946,
        0.9605262875556946
    ],
    "lr": [
        0.0010000000474974513,
        0.0010000000474974513,
        0.0010000000474974513,
        0.0010000000474974513,
        0.0010000000474974513,
        0.0010000000474974513,
        0.0010000000474974513,
        0.0010000000474974513,
        0.0010000000474974513,
        0.0005000000237487257,
        0.0005000000237487257,
        0.0005000000237487257,
        0.0005000000237487257,
        0.0005000000237487257,
        0.0005000000237487257,
        0.0005000000237487257,
        0.0005000000237487257,
        0.0005000000237487257,
        0.0005000000237487257,
        0.0005000000237487257,
        0.0005000000237487257,
        0.0005000000237487257,
        0.0005000000237487257,
        0.0002500000118743628,
        0.0002500000118743628,
        0.0002500000118743628
    ]
}