{
    "loss": [
        0.4292883276939392,
        0.22845317423343658,
        0.14672909677028656,
        0.1809365600347519,
        0.06811374425888062
    ],
    "accuracy": [
        0.8688945770263672,
        0.9248071908950806,
        0.9473007917404175,
        0.9460154175758362,
        0.9749357104301453
    ],
    "val_loss": [
        0.3887685239315033,
        1.8101155757904053,
        2.2138195037841797,
        0.6735292077064514,
        0.6692100167274475
    ],
    "val_accuracy": [
        0.9378238320350647,
        0.787564754486084,
        0.7461140155792236,
        0.9378238320350647,
        0.9274611473083496
    ],
    "lr": [
        0.0005000000237487257,
        0.0005000000237487257,
        0.0005000000237487257,
        0.0005000000237487257,
        0.0002500000118743628
    ]
}