{
    "loss": [
        0.9717810153961182,
        0.5539129972457886,
        0.45775550603866577,
        0.4179028272628784,
        0.3717041313648224,
        0.3519679009914398,
        0.3334537744522095,
        0.3104616403579712,
        0.315964013338089,
        0.2898983955383301,
        0.26738372445106506,
        0.2616787254810333,
        0.23681096732616425,
        0.26355817914009094,
        0.26073041558265686,
        0.2246757447719574,
        0.23047924041748047,
        0.21145305037498474,
        0.20960035920143127,
        0.2101888358592987
    ],
    "accuracy": [
        0.6078947186470032,
        0.7947368621826172,
        0.8315789699554443,
        0.8473684191703796,
        0.8657894730567932,
        0.8673684000968933,
        0.8868421316146851,
        0.8899999856948853,
        0.8884210586547852,
        0.901578962802887,
        0.9094736576080322,
        0.9094736576080322,
        0.9205263257026672,
        0.9100000262260437,
        0.9073684215545654,
        0.9210526347160339,
        0.9126315712928772,
        0.928947389125824,
        0.9284210801124573,
        0.925789475440979
    ],
    "val_loss": [
        0.5574024319648743,
        0.38901808857917786,
        0.32676392793655396,
        0.3076743483543396,
        0.28374987840652466,
        0.264687716960907,
        0.28014424443244934,
        0.23482009768486023,
        0.22216884791851044,
        0.24031582474708557,
        0.22602519392967224,
        0.2464812695980072,
        0.20054998993873596,
        0.22009003162384033,
        0.20462320744991302,
        0.21483026444911957,
        0.19266030192375183,
        0.20384304225444794,
        0.18347467482089996,
        0.17567658424377441
    ],
    "val_accuracy": [
        0.8035714030265808,
        0.8794642686843872,
        0.8794642686843872,
        0.8973214030265808,
        0.90625,
        0.90625,
        0.875,
        0.9151785969734192,
        0.9419642686843872,
        0.9151785969734192,
        0.9285714030265808,
        0.8794642686843872,
        0.9285714030265808,
        0.9151785969734192,
        0.9419642686843872,
        0.9241071343421936,
        0.9375,
        0.9419642686843872,
        0.9464285969734192,
        0.9553571343421936
    ]
}