{
    "alur": {
        "precision": 0.8888888888888888,
        "recall": 0.8888888888888888,
        "f1-score": 0.8888888888888888,
        "support": 9.0
    },
    "lubang": {
        "precision": 0.9104477611940298,
        "recall": 0.9838709677419355,
        "f1-score": 0.9457364341085271,
        "support": 62.0
    },
    "retak": {
        "precision": 0.9,
        "recall": 0.75,
        "f1-score": 0.8181818181818182,
        "support": 24.0
    },
    "tidak_rusak": {
        "precision": 0.8333333333333334,
        "recall": 0.7142857142857143,
        "f1-score": 0.7692307692307693,
        "support": 7.0
    },
    "accuracy": 0.9019607843137255,
    "macro avg": {
        "precision": 0.8831674958540631,
        "recall": 0.8342613927291347,
        "f1-score": 0.8555094776025008,
        "support": 102.0
    },
    "weighted avg": {
        "precision": 0.9007950443859135,
        "recall": 0.9019607843137255,
        "f1-score": 0.8985944895657618,
        "support": 102.0
    }
}