{
    "alur": {
        "precision": 0.6,
        "recall": 0.6,
        "f1-score": 0.6,
        "support": 10.0
    },
    "lubang": {
        "precision": 0.9104477611940298,
        "recall": 0.9682539682539683,
        "f1-score": 0.9384615384615385,
        "support": 63.0
    },
    "retak": {
        "precision": 0.9090909090909091,
        "recall": 0.8,
        "f1-score": 0.851063829787234,
        "support": 25.0
    },
    "tidak_rusak": {
        "precision": 0.8333333333333334,
        "recall": 0.7142857142857143,
        "f1-score": 0.7692307692307693,
        "support": 7.0
    },
    "accuracy": 0.8761904761904762,
    "macro avg": {
        "precision": 0.8132180009045681,
        "recall": 0.7706349206349207,
        "f1-score": 0.7896890343698854,
        "support": 105.0
    },
    "weighted avg": {
        "precision": 0.875417285865047,
        "recall": 0.8761904761904762,
        "f1-score": 0.8741360766892682,
        "support": 105.0
    }
}