{
    "alur": {
        "precision": 0.8333333333333334,
        "recall": 0.5555555555555556,
        "f1-score": 0.6666666666666666,
        "support": 9.0
    },
    "lubang": {
        "precision": 0.9528301886792453,
        "recall": 0.9528301886792453,
        "f1-score": 0.9528301886792453,
        "support": 106.0
    },
    "retak": {
        "precision": 0.8936170212765957,
        "recall": 0.9130434782608695,
        "f1-score": 0.9032258064516129,
        "support": 92.0
    },
    "tidak_rusak": {
        "precision": 0.5833333333333334,
        "recall": 0.6363636363636364,
        "f1-score": 0.6086956521739131,
        "support": 11.0
    },
    "accuracy": 0.9036697247706422,
    "macro avg": {
        "precision": 0.815778469155627,
        "recall": 0.7644482147148267,
        "f1-score": 0.7828545784928594,
        "support": 218.0
    },
    "weighted avg": {
        "precision": 0.9042634524041901,
        "recall": 0.9036697247706422,
        "f1-score": 0.9027175521443185,
        "support": 218.0
    }
}