{
    "loss": [
        0.6402484178543091,
        0.3570955693721771,
        0.29445868730545044,
        0.256208598613739,
        0.23920902609825134,
        0.2178579568862915,
        0.21263153851032257,
        0.1946096122264862,
        0.20114146173000336,
        0.17856696248054504,
        0.16366277635097504,
        0.1670967936515808,
        0.1735861599445343,
        0.16060025990009308,
        0.15894991159439087,
        0.16244888305664062,
        0.15941990911960602,
        0.16524289548397064,
        0.15222933888435364,
        0.14741156995296478,
        0.1619134545326233,
        0.15009279549121857,
        0.14082375168800354,
        0.14121922850608826,
        0.148362398147583,
        0.13298794627189636,
        0.1511290818452835,
        0.1431824266910553,
        0.1508176326751709,
        0.1500692516565323
    ],
    "accuracy": [
        0.7515151500701904,
        0.8733333349227905,
        0.8957575559616089,
        0.9048484563827515,
        0.9127272963523865,
        0.9266666769981384,
        0.9242424368858337,
        0.9296969771385193,
        0.9296969771385193,
        0.9381818175315857,
        0.9442424178123474,
        0.9381818175315857,
        0.9375757575035095,
        0.9430302977561951,
        0.9412121176719666,
        0.9418181777000427,
        0.9430302977561951,
        0.9442424178123474,
        0.949696958065033,
        0.9454545378684998,
        0.9406060576438904,
        0.9545454382896423,
        0.9515151381492615,
        0.9551514983177185,
        0.9454545378684998,
        0.9575757384300232,
        0.9478787779808044,
        0.9442424178123474,
        0.9484848380088806,
        0.9472727179527283
    ],
    "val_loss": [
        0.4188448190689087,
        0.31060969829559326,
        0.30900314450263977,
        0.2767375409603119,
        0.26081937551498413,
        0.23813287913799286,
        0.24252600967884064,
        0.25803685188293457,
        0.23888790607452393,
        0.23176032304763794,
        0.22534433007240295,
        0.22774608433246613,
        0.22831229865550995,
        0.22693713009357452,
        0.22726841270923615,
        0.22334858775138855,
        0.2282940000295639,
        0.2233964502811432,
        0.22790022194385529,
        0.22333116829395294,
        0.220671609044075,
        0.22055180370807648,
        0.21998654305934906,
        0.21901482343673706,
        0.22070084512233734,
        0.22096781432628632,
        0.2154785394668579,
        0.21898449957370758,
        0.21991562843322754,
        0.2192610800266266
    ],
    "val_accuracy": [
        0.8296943306922913,
        0.8689956068992615,
        0.8384279608726501,
        0.8733624219894409,
        0.8864628672599792,
        0.8864628672599792,
        0.8908296823501587,
        0.903930127620697,
        0.8951964974403381,
        0.8995633125305176,
        0.8995633125305176,
        0.903930127620697,
        0.9082969427108765,
        0.903930127620697,
        0.903930127620697,
        0.9126637578010559,
        0.9126637578010559,
        0.9126637578010559,
        0.9126637578010559,
        0.8995633125305176,
        0.9126637578010559,
        0.9126637578010559,
        0.9126637578010559,
        0.9170305728912354,
        0.9126637578010559,
        0.8995633125305176,
        0.9082969427108765,
        0.9126637578010559,
        0.9170305728912354,
        0.9126637578010559
    ],
    "lr": [
        0.0010000000474974513,
        0.0010000000474974513,
        0.0010000000474974513,
        0.0010000000474974513,
        0.0010000000474974513,
        0.0010000000474974513,
        0.0010000000474974513,
        0.0010000000474974513,
        0.0010000000474974513,
        0.0005000000237487257,
        0.0005000000237487257,
        0.0005000000237487257,
        0.0005000000237487257,
        0.0005000000237487257,
        0.0002500000118743628,
        0.0002500000118743628,
        0.0002500000118743628,
        0.0002500000118743628,
        0.0002500000118743628,
        0.0001250000059371814,
        0.0001250000059371814,
        0.0001250000059371814,
        0.0001250000059371814,
        0.0001250000059371814,
        0.0001250000059371814,
        0.0001250000059371814,
        0.0001250000059371814,
        0.0001250000059371814,
        0.0001250000059371814,
        0.0001250000059371814
    ]
}