{
    "loss": [
        0.9850028157234192,
        0.5142043828964233,
        0.3900325894355774,
        0.3354683816432953,
        0.29216912388801575,
        0.26438653469085693,
        0.24074847996234894,
        0.2198965847492218,
        0.19695812463760376,
        0.18814639747142792,
        0.17309123277664185,
        0.15698817372322083,
        0.14951249957084656,
        0.1398727148771286,
        0.13154827058315277,
        0.12402291595935822,
        0.11851976066827774,
        0.11379807442426682,
        0.10364525765180588,
        0.09705277532339096
    ],
    "accuracy": [
        0.6411192417144775,
        0.801703155040741,
        0.8613138794898987,
        0.8783454895019531,
        0.8990267515182495,
        0.9124087691307068,
        0.9136252999305725,
        0.9209246039390564,
        0.9416058659553528,
        0.94525545835495,
        0.9489051103591919,
        0.959854006767273,
        0.9671533107757568,
        0.9659367203712463,
        0.970802903175354,
        0.9781022071838379,
        0.9756690859794617,
        0.9756690859794617,
        0.985401451587677,
        0.9866179823875427
    ],
    "val_loss": [
        0.6656403541564941,
        0.5001847147941589,
        0.4652201235294342,
        0.42173653841018677,
        0.3881734311580658,
        0.38698315620422363,
        0.3968891501426697,
        0.3608522117137909,
        0.3617638647556305,
        0.34663671255111694,
        0.35703060030937195,
        0.3577877879142761,
        0.3502226173877716,
        0.3652348220348358,
        0.3352922201156616,
        0.3439338207244873,
        0.32801204919815063,
        0.32258930802345276,
        0.32400456070899963,
        0.33283913135528564
    ],
    "val_accuracy": [
        0.7647058963775635,
        0.7941176295280457,
        0.8333333134651184,
        0.843137264251709,
        0.8627451062202454,
        0.8529411554336548,
        0.8823529481887817,
        0.9117646813392639,
        0.9019607901573181,
        0.9019607901573181,
        0.9117646813392639,
        0.8725489974021912,
        0.8921568393707275,
        0.9019607901573181,
        0.9019607901573181,
        0.8725489974021912,
        0.9019607901573181,
        0.9215686321258545,
        0.9019607901573181,
        0.9019607901573181
    ]
}