{
    "alur": {
        "precision": 0.6666666666666666,
        "recall": 0.8,
        "f1-score": 0.7272727272727273,
        "support": 5.0
    },
    "lubang": {
        "precision": 0.9583333333333334,
        "recall": 0.9913793103448276,
        "f1-score": 0.9745762711864406,
        "support": 116.0
    },
    "retak": {
        "precision": 0.9887640449438202,
        "recall": 0.946236559139785,
        "f1-score": 0.967032967032967,
        "support": 93.0
    },
    "tidak_rusak": {
        "precision": 1.0,
        "recall": 0.9285714285714286,
        "f1-score": 0.9629629629629629,
        "support": 14.0
    },
    "accuracy": 0.9649122807017544,
    "macro avg": {
        "precision": 0.903441011235955,
        "recall": 0.9165468245140103,
        "f1-score": 0.9079612321137744,
        "support": 228.0
    },
    "weighted avg": {
        "precision": 0.9669081411393653,
        "recall": 0.9649122807017544,
        "f1-score": 0.965362975919027,
        "support": 228.0
    }
}