{
    "alur": {
        "precision": 0.9523809523809523,
        "recall": 0.9836065573770492,
        "f1-score": 0.967741935483871,
        "support": 61.0
    },
    "lubang": {
        "precision": 0.9636363636363636,
        "recall": 0.9137931034482759,
        "f1-score": 0.9380530973451328,
        "support": 58.0
    },
    "retak": {
        "precision": 0.9473684210526315,
        "recall": 0.9642857142857143,
        "f1-score": 0.9557522123893806,
        "support": 56.0
    },
    "tidak_rusak": {
        "precision": 1.0,
        "recall": 1.0,
        "f1-score": 1.0,
        "support": 59.0
    },
    "accuracy": 0.9658119658119658,
    "macro avg": {
        "precision": 0.9658464342674868,
        "recall": 0.9654213437777599,
        "f1-score": 0.9653868113045961,
        "support": 234.0
    },
    "weighted avg": {
        "precision": 0.9659776870303186,
        "recall": 0.9658119658119658,
        "f1-score": 0.9656472718134151,
        "support": 234.0
    }
}