{
    "alur": {
        "precision": 0.9482758620689655,
        "recall": 1.0,
        "f1-score": 0.9734513274336283,
        "support": 55.0
    },
    "lubang": {
        "precision": 1.0,
        "recall": 0.9811320754716981,
        "f1-score": 0.9904761904761905,
        "support": 53.0
    },
    "retak": {
        "precision": 0.9811320754716981,
        "recall": 0.9285714285714286,
        "f1-score": 0.9541284403669725,
        "support": 56.0
    },
    "tidak_rusak": {
        "precision": 0.9672131147540983,
        "recall": 0.9833333333333333,
        "f1-score": 0.9752066115702479,
        "support": 60.0
    },
    "accuracy": 0.9732142857142857,
    "macro avg": {
        "precision": 0.9741552630736905,
        "recall": 0.973259209344115,
        "f1-score": 0.9733156424617597,
        "support": 224.0
    },
    "weighted avg": {
        "precision": 0.9738006943100631,
        "recall": 0.9732142857142857,
        "f1-score": 0.9731189752627366,
        "support": 224.0
    }
}