{
    "loss": [
        0.9347854256629944,
        0.6275181770324707,
        0.5246909856796265,
        0.4734421670436859,
        0.42009225487709045,
        0.4000374972820282,
        0.37762880325317383,
        0.3599238693714142,
        0.3624287247657776,
        0.33887502551078796,
        0.3132278621196747,
        0.27216118574142456,
        0.23992782831192017,
        0.2338206022977829,
        0.22961969673633575,
        0.23084387183189392,
        0.21661151945590973,
        0.19907796382904053,
        0.19854244589805603,
        0.1706521213054657,
        0.7555298209190369,
        0.5611555576324463,
        0.47550642490386963,
        0.43389201164245605,
        0.3747688829898834,
        0.395811527967453,
        0.35401391983032227,
        0.32223954796791077,
        0.3378793001174927,
        0.2972725033760071,
        0.2946884334087372,
        0.29607439041137695,
        0.2251967042684555,
        0.2382270097732544,
        0.23821522295475006,
        0.225343719124794,
        0.23020879924297333,
        0.194059357047081,
        0.2202913463115692,
        0.2054525911808014,
        0.21698623895645142
    ],
    "accuracy": [
        0.6221052408218384,
        0.75789475440979,
        0.8005263209342957,
        0.8173684477806091,
        0.8510526418685913,
        0.8500000238418579,
        0.8631578683853149,
        0.8673684000968933,
        0.87421053647995,
        0.8715789318084717,
        0.8805263042449951,
        0.8973684310913086,
        0.9147368669509888,
        0.922631561756134,
        0.9105263352394104,
        0.917894721031189,
        0.928947389125824,
        0.9278947114944458,
        0.925789475440979,
        0.9394736886024475,
        0.7478947639465332,
        0.8042105436325073,
        0.8305262923240662,
        0.8405263423919678,
        0.8636842370033264,
        0.8615789413452148,
        0.8652631640434265,
        0.8836842179298401,
        0.8831579089164734,
        0.890526294708252,
        0.898421049118042,
        0.8921052813529968,
        0.917894721031189,
        0.9184210300445557,
        0.9163157939910889,
        0.9221052527427673,
        0.9231578707695007,
        0.9357894659042358,
        0.9294736981391907,
        0.9347368478775024,
        0.9231578707695007
    ],
    "val_loss": [
        0.45285263657569885,
        0.38512828946113586,
        0.3977157175540924,
        0.28990480303764343,
        0.20012198388576508,
        0.23071102797985077,
        0.28788575530052185,
        0.17030611634254456,
        0.1853012889623642,
        0.2228095531463623,
        0.20652572810649872,
        0.16423726081848145,
        0.1604144126176834,
        0.14948275685310364,
        0.18192948400974274,
        0.169534832239151,
        0.16211947798728943,
        0.15474699437618256,
        0.16106612980365753,
        0.1569640189409256,
        0.3038634955883026,
        0.2727426290512085,
        0.22771330177783966,
        0.19722512364387512,
        0.20687691867351532,
        0.17859098315238953,
        0.1676795929670334,
        0.18688252568244934,
        0.20529882609844208,
        0.1523084193468094,
        0.13993103802204132,
        0.11244553327560425,
        0.10700976103544235,
        0.1359270066022873,
        0.10767286270856857,
        0.11821698397397995,
        0.11221792548894882,
        0.11910908669233322,
        0.13643476366996765,
        0.1227346658706665,
        0.11385829001665115
    ],
    "val_accuracy": [
        0.8482142686843872,
        0.84375,
        0.8348214030265808,
        0.8883928656578064,
        0.9330357313156128,
        0.9241071343421936,
        0.8973214030265808,
        0.9419642686843872,
        0.9419642686843872,
        0.9196428656578064,
        0.9285714030265808,
        0.9330357313156128,
        0.9464285969734192,
        0.9642857313156128,
        0.9375,
        0.9330357313156128,
        0.9508928656578064,
        0.9508928656578064,
        0.9419642686843872,
        0.9553571343421936,
        0.8973214030265808,
        0.8928571343421936,
        0.9107142686843872,
        0.9241071343421936,
        0.9196428656578064,
        0.9330357313156128,
        0.9330357313156128,
        0.9285714030265808,
        0.9285714030265808,
        0.9419642686843872,
        0.9598214030265808,
        0.9642857313156128,
        0.9732142686843872,
        0.9598214030265808,
        0.96875,
        0.9642857313156128,
        0.9642857313156128,
        0.9553571343421936,
        0.9508928656578064,
        0.9642857313156128,
        0.9598214030265808
    ],
    "lr": [
        0.0010000000474974513,
        0.0010000000474974513,
        0.0010000000474974513,
        0.0010000000474974513,
        0.0010000000474974513,
        0.0010000000474974513,
        0.0010000000474974513,
        0.0010000000474974513,
        0.0010000000474974513,
        0.0010000000474974513,
        0.0010000000474974513,
        0.0005000000237487257,
        0.0005000000237487257,
        0.0005000000237487257,
        0.0005000000237487257,
        0.0005000000237487257,
        0.0005000000237487257,
        0.0002500000118743628,
        0.0002500000118743628,
        0.0002500000118743628,
        9.999999747378752e-06,
        9.999999747378752e-06,
        9.999999747378752e-06,
        9.999999747378752e-06,
        9.999999747378752e-06,
        9.999999747378752e-06,
        9.999999747378752e-06,
        9.999999747378752e-06,
        9.999999747378752e-06,
        9.999999747378752e-06,
        9.999999747378752e-06,
        9.999999747378752e-06,
        9.999999747378752e-06,
        9.999999747378752e-06,
        9.999999747378752e-06,
        9.999999747378752e-06,
        9.999999747378752e-06,
        4.999999873689376e-06,
        4.999999873689376e-06,
        4.999999873689376e-06,
        4.999999873689376e-06
    ]
}