{
    "loss": [
        0.9347854256629944,
        0.6275181770324707,
        0.5246909856796265,
        0.4734421670436859,
        0.42009225487709045,
        0.4000374972820282,
        0.37762880325317383,
        0.3599238693714142,
        0.3624287247657776,
        0.33887502551078796,
        0.3132278621196747,
        0.27216118574142456,
        0.23992782831192017,
        0.2338206022977829,
        0.22961969673633575,
        0.23084387183189392,
        0.21661151945590973,
        0.19907796382904053,
        0.19854244589805603,
        0.1706521213054657
    ],
    "accuracy": [
        0.6221052408218384,
        0.75789475440979,
        0.8005263209342957,
        0.8173684477806091,
        0.8510526418685913,
        0.8500000238418579,
        0.8631578683853149,
        0.8673684000968933,
        0.87421053647995,
        0.8715789318084717,
        0.8805263042449951,
        0.8973684310913086,
        0.9147368669509888,
        0.922631561756134,
        0.9105263352394104,
        0.917894721031189,
        0.928947389125824,
        0.9278947114944458,
        0.925789475440979,
        0.9394736886024475
    ],
    "val_loss": [
        0.45285263657569885,
        0.38512828946113586,
        0.3977157175540924,
        0.28990480303764343,
        0.20012198388576508,
        0.23071102797985077,
        0.28788575530052185,
        0.17030611634254456,
        0.1853012889623642,
        0.2228095531463623,
        0.20652572810649872,
        0.16423726081848145,
        0.1604144126176834,
        0.14948275685310364,
        0.18192948400974274,
        0.169534832239151,
        0.16211947798728943,
        0.15474699437618256,
        0.16106612980365753,
        0.1569640189409256
    ],
    "val_accuracy": [
        0.8482142686843872,
        0.84375,
        0.8348214030265808,
        0.8883928656578064,
        0.9330357313156128,
        0.9241071343421936,
        0.8973214030265808,
        0.9419642686843872,
        0.9419642686843872,
        0.9196428656578064,
        0.9285714030265808,
        0.9330357313156128,
        0.9464285969734192,
        0.9642857313156128,
        0.9375,
        0.9330357313156128,
        0.9508928656578064,
        0.9508928656578064,
        0.9419642686843872,
        0.9553571343421936
    ],
    "lr": [
        0.0010000000474974513,
        0.0010000000474974513,
        0.0010000000474974513,
        0.0010000000474974513,
        0.0010000000474974513,
        0.0010000000474974513,
        0.0010000000474974513,
        0.0010000000474974513,
        0.0010000000474974513,
        0.0010000000474974513,
        0.0010000000474974513,
        0.0005000000237487257,
        0.0005000000237487257,
        0.0005000000237487257,
        0.0005000000237487257,
        0.0005000000237487257,
        0.0005000000237487257,
        0.0002500000118743628,
        0.0002500000118743628,
        0.0002500000118743628
    ]
}