{
    "loss": [
        1.0677025318145752,
        0.6154522895812988,
        0.5045964121818542,
        0.42530375719070435,
        0.3899466395378113,
        0.36292773485183716,
        0.3622801899909973,
        0.3265347182750702,
        0.31641387939453125,
        0.3039521872997284,
        0.28972128033638,
        0.29999351501464844,
        0.28259530663490295,
        0.2766299843788147,
        0.2920021116733551,
        0.27938514947891235,
        0.2873334586620331,
        0.2732456624507904,
        0.2570415735244751
    ],
    "accuracy": [
        0.577136218547821,
        0.7774861454963684,
        0.8124817609786987,
        0.8486438989639282,
        0.8571012020111084,
        0.8731408715248108,
        0.8719743490219116,
        0.8824730515480042,
        0.8897637724876404,
        0.8938466310501099,
        0.8982210755348206,
        0.8900554180145264,
        0.8973461389541626,
        0.8982210755348206,
        0.8915135860443115,
        0.9025955200195312,
        0.8926801085472107,
        0.9037620425224304,
        0.9075531959533691
    ],
    "val_loss": [
        0.4123682379722595,
        0.3108839988708496,
        0.24610519409179688,
        0.2148015946149826,
        0.2286514788866043,
        0.19982483983039856,
        0.20990781486034393,
        0.20261061191558838,
        0.1778315007686615,
        0.18567730486392975,
        0.19449812173843384,
        0.16794799268245697,
        0.16460299491882324,
        0.17242074012756348,
        0.1925482600927353,
        0.17633230984210968,
        0.16930899024009705,
        0.1661165952682495,
        0.16481095552444458
    ],
    "val_accuracy": [
        0.9078947305679321,
        0.9254385828971863,
        0.9473684430122375,
        0.9429824352264404,
        0.9298245906829834,
        0.9473684430122375,
        0.9517543911933899,
        0.9517543911933899,
        0.9561403393745422,
        0.9517543911933899,
        0.9517543911933899,
        0.9561403393745422,
        0.9561403393745422,
        0.9517543911933899,
        0.9385964870452881,
        0.9429824352264404,
        0.9473684430122375,
        0.9649122953414917,
        0.9561403393745422
    ],
    "lr": [
        0.0005000000237487257,
        0.0005000000237487257,
        0.0005000000237487257,
        0.0005000000237487257,
        0.0005000000237487257,
        0.0005000000237487257,
        0.0005000000237487257,
        0.0005000000237487257,
        0.0005000000237487257,
        0.0005000000237487257,
        0.0005000000237487257,
        0.0005000000237487257,
        0.0005000000237487257,
        0.0005000000237487257,
        0.0005000000237487257,
        0.0005000000237487257,
        0.0002500000118743628,
        0.0002500000118743628,
        0.0002500000118743628
    ]
}