{
    "loss": [
        0.7555298209190369,
        0.5611555576324463,
        0.47550642490386963,
        0.43389201164245605,
        0.3747688829898834,
        0.395811527967453,
        0.35401391983032227,
        0.32223954796791077,
        0.3378793001174927,
        0.2972725033760071,
        0.2946884334087372,
        0.29607439041137695,
        0.2251967042684555,
        0.2382270097732544,
        0.23821522295475006,
        0.225343719124794,
        0.23020879924297333,
        0.194059357047081,
        0.2202913463115692,
        0.2054525911808014,
        0.21698623895645142
    ],
    "accuracy": [
        0.7478947639465332,
        0.8042105436325073,
        0.8305262923240662,
        0.8405263423919678,
        0.8636842370033264,
        0.8615789413452148,
        0.8652631640434265,
        0.8836842179298401,
        0.8831579089164734,
        0.890526294708252,
        0.898421049118042,
        0.8921052813529968,
        0.917894721031189,
        0.9184210300445557,
        0.9163157939910889,
        0.9221052527427673,
        0.9231578707695007,
        0.9357894659042358,
        0.9294736981391907,
        0.9347368478775024,
        0.9231578707695007
    ],
    "val_loss": [
        0.3038634955883026,
        0.2727426290512085,
        0.22771330177783966,
        0.19722512364387512,
        0.20687691867351532,
        0.17859098315238953,
        0.1676795929670334,
        0.18688252568244934,
        0.20529882609844208,
        0.1523084193468094,
        0.13993103802204132,
        0.11244553327560425,
        0.10700976103544235,
        0.1359270066022873,
        0.10767286270856857,
        0.11821698397397995,
        0.11221792548894882,
        0.11910908669233322,
        0.13643476366996765,
        0.1227346658706665,
        0.11385829001665115
    ],
    "val_accuracy": [
        0.8973214030265808,
        0.8928571343421936,
        0.9107142686843872,
        0.9241071343421936,
        0.9196428656578064,
        0.9330357313156128,
        0.9330357313156128,
        0.9285714030265808,
        0.9285714030265808,
        0.9419642686843872,
        0.9598214030265808,
        0.9642857313156128,
        0.9732142686843872,
        0.9598214030265808,
        0.96875,
        0.9642857313156128,
        0.9642857313156128,
        0.9553571343421936,
        0.9508928656578064,
        0.9642857313156128,
        0.9598214030265808
    ],
    "lr": [
        9.999999747378752e-06,
        9.999999747378752e-06,
        9.999999747378752e-06,
        9.999999747378752e-06,
        9.999999747378752e-06,
        9.999999747378752e-06,
        9.999999747378752e-06,
        9.999999747378752e-06,
        9.999999747378752e-06,
        9.999999747378752e-06,
        9.999999747378752e-06,
        9.999999747378752e-06,
        9.999999747378752e-06,
        9.999999747378752e-06,
        9.999999747378752e-06,
        9.999999747378752e-06,
        9.999999747378752e-06,
        4.999999873689376e-06,
        4.999999873689376e-06,
        4.999999873689376e-06,
        4.999999873689376e-06
    ]
}