{
    "loss": [
        0.7427598834037781,
        0.41377386450767517,
        0.35032227635383606,
        0.29240965843200684,
        0.27134406566619873,
        0.23607590794563293,
        0.23891229927539825,
        0.23856046795845032,
        0.2161685973405838,
        0.20363439619541168,
        0.1879020482301712,
        0.19322256743907928,
        0.1715598702430725,
        0.16858987510204315,
        0.15817390382289886,
        0.17575564980506897,
        0.1479852944612503,
        0.1324099451303482,
        0.1463722437620163,
        0.14042142033576965,
        0.14859938621520996,
        0.12470059096813202,
        0.13132116198539734,
        0.1148376315832138,
        0.12967151403427124,
        0.11476309597492218,
        0.10277478396892548
    ],
    "accuracy": [
        0.7567803859710693,
        0.8495188355445862,
        0.8772236704826355,
        0.8944298624992371,
        0.9037620425224304,
        0.9157188534736633,
        0.913677453994751,
        0.9198017120361328,
        0.9238845109939575,
        0.9305920004844666,
        0.9337999224662781,
        0.9317585229873657,
        0.9425488710403442,
        0.9475065469741821,
        0.9434237480163574,
        0.9375911355018616,
        0.9492563605308533,
        0.9545056819915771,
        0.9495479464530945,
        0.9495479464530945,
        0.9475065469741821,
        0.9559638500213623,
        0.9571303725242615,
        0.9612131714820862,
        0.9527559280395508,
        0.9615048170089722,
        0.9641295075416565
    ],
    "val_loss": [
        0.18530327081680298,
        0.2148558795452118,
        0.2028939425945282,
        0.1872292011976242,
        0.1520608812570572,
        0.1379225254058838,
        0.12321924418210983,
        0.11598721146583557,
        0.10756024718284607,
        0.1013362929224968,
        0.09975233674049377,
        0.09552140533924103,
        0.09348520636558533,
        0.09415504336357117,
        0.09031803905963898,
        0.08974019438028336,
        0.08771474659442902,
        0.08759397268295288,
        0.09427351504564285,
        0.08492004871368408,
        0.08489450067281723,
        0.09149842709302902,
        0.09716758131980896,
        0.08804559707641602,
        0.09091614186763763,
        0.08808314055204391,
        0.08577993512153625
    ],
    "val_accuracy": [
        0.9385964870452881,
        0.9210526347160339,
        0.9342105388641357,
        0.9298245906829834,
        0.9473684430122375,
        0.9429824352264404,
        0.9385964870452881,
        0.9473684430122375,
        0.9561403393745422,
        0.9561403393745422,
        0.9561403393745422,
        0.9561403393745422,
        0.9605262875556946,
        0.9605262875556946,
        0.9649122953414917,
        0.9561403393745422,
        0.9561403393745422,
        0.9605262875556946,
        0.9649122953414917,
        0.9605262875556946,
        0.9649122953414917,
        0.9649122953414917,
        0.969298243522644,
        0.9649122953414917,
        0.9649122953414917,
        0.9649122953414917,
        0.9605262875556946
    ],
    "lr": [
        9.999999747378752e-06,
        9.999999747378752e-06,
        9.999999747378752e-06,
        9.999999747378752e-06,
        4.999999873689376e-06,
        4.999999873689376e-06,
        4.999999873689376e-06,
        4.999999873689376e-06,
        4.999999873689376e-06,
        4.999999873689376e-06,
        4.999999873689376e-06,
        4.999999873689376e-06,
        4.999999873689376e-06,
        4.999999873689376e-06,
        4.999999873689376e-06,
        4.999999873689376e-06,
        4.999999873689376e-06,
        4.999999873689376e-06,
        4.999999873689376e-06,
        4.999999873689376e-06,
        4.999999873689376e-06,
        4.999999873689376e-06,
        4.999999873689376e-06,
        2.499999936844688e-06,
        2.499999936844688e-06,
        2.499999936844688e-06,
        1.249999968422344e-06
    ]
}