{
    "alur": {
        "precision": 1.0,
        "recall": 0.8,
        "f1-score": 0.8888888888888888,
        "support": 5.0
    },
    "lubang": {
        "precision": 0.9661016949152542,
        "recall": 0.9827586206896551,
        "f1-score": 0.9743589743589743,
        "support": 116.0
    },
    "retak": {
        "precision": 0.9782608695652174,
        "recall": 0.967741935483871,
        "f1-score": 0.972972972972973,
        "support": 93.0
    },
    "tidak_rusak": {
        "precision": 1.0,
        "recall": 1.0,
        "f1-score": 1.0,
        "support": 14.0
    },
    "accuracy": 0.9736842105263158,
    "macro avg": {
        "precision": 0.9860906411201179,
        "recall": 0.9376251390433815,
        "f1-score": 0.9590552090552091,
        "support": 228.0
    },
    "weighted avg": {
        "precision": 0.9738862170163803,
        "recall": 0.9736842105263158,
        "f1-score": 0.9734937366516314,
        "support": 228.0
    }
}