{
    "alur": {
        "precision": 0.8656716417910447,
        "recall": 0.9508196721311475,
        "f1-score": 0.90625,
        "support": 61.0
    },
    "lubang": {
        "precision": 0.9464285714285714,
        "recall": 0.9137931034482759,
        "f1-score": 0.9298245614035088,
        "support": 58.0
    },
    "retak": {
        "precision": 0.9615384615384616,
        "recall": 0.8928571428571429,
        "f1-score": 0.9259259259259259,
        "support": 56.0
    },
    "tidak_rusak": {
        "precision": 0.9830508474576272,
        "recall": 0.9830508474576272,
        "f1-score": 0.9830508474576272,
        "support": 59.0
    },
    "accuracy": 0.9358974358974359,
    "macro avg": {
        "precision": 0.9391723805539263,
        "recall": 0.9351301914735484,
        "f1-score": 0.9362628336967654,
        "support": 234.0
    },
    "weighted avg": {
        "precision": 0.9382264151207894,
        "recall": 0.9358974358974359,
        "f1-score": 0.9361663521933989,
        "support": 234.0
    }
}