{
    "alur": {
        "precision": 0.9298245614035088,
        "recall": 0.9636363636363636,
        "f1-score": 0.9464285714285714,
        "support": 55.0
    },
    "lubang": {
        "precision": 1.0,
        "recall": 0.9245283018867925,
        "f1-score": 0.9607843137254902,
        "support": 53.0
    },
    "retak": {
        "precision": 0.8833333333333333,
        "recall": 0.9464285714285714,
        "f1-score": 0.9137931034482759,
        "support": 56.0
    },
    "tidak_rusak": {
        "precision": 0.9482758620689655,
        "recall": 0.9166666666666666,
        "f1-score": 0.9322033898305084,
        "support": 60.0
    },
    "accuracy": 0.9375,
    "macro avg": {
        "precision": 0.9403584392014519,
        "recall": 0.9378149759045985,
        "f1-score": 0.9383023446082115,
        "support": 224.0
    },
    "weighted avg": {
        "precision": 0.939748077089275,
        "recall": 0.9375,
        "f1-score": 0.9378560591024838,
        "support": 224.0
    }
}