{
    "loss": [
        0.9473931193351746,
        0.7331222295761108,
        0.6349249482154846,
        0.5387715697288513,
        0.5029464960098267,
        0.4942469298839569,
        0.4803186058998108,
        0.47519898414611816
    ],
    "accuracy": [
        0.6994736790657043,
        0.7478947639465332,
        0.7842105031013489,
        0.8010526299476624,
        0.8131579160690308,
        0.8231579065322876,
        0.8263157606124878,
        0.8394736647605896
    ],
    "val_loss": [
        0.1863868683576584,
        0.1796019822359085,
        0.19281652569770813,
        0.18769511580467224,
        0.18926964700222015,
        0.20259584486484528,
        0.2172357738018036,
        0.20388604700565338
    ],
    "val_accuracy": [
        0.9330357313156128,
        0.9375,
        0.9285714030265808,
        0.9375,
        0.9330357313156128,
        0.9241071343421936,
        0.9285714030265808,
        0.9285714030265808
    ],
    "lr": [
        9.999999747378752e-06,
        9.999999747378752e-06,
        9.999999747378752e-06,
        9.999999747378752e-06,
        9.999999747378752e-06,
        4.999999873689376e-06,
        4.999999873689376e-06,
        4.999999873689376e-06
    ]
}