{
    "loss": [
        0.6017698049545288,
        0.25217682123184204,
        0.21450766921043396,
        0.18238213658332825,
        0.16387233138084412,
        0.15114006400108337,
        0.13187512755393982,
        0.13295802474021912,
        0.1184975653886795,
        0.10978583246469498,
        0.09660396724939346,
        0.09763963520526886,
        0.09930034726858139,
        0.10084610432386398,
        0.09110929071903229,
        0.08905212581157684,
        0.09046023339033127,
        0.07553847134113312,
        0.0785345733165741,
        0.07955296337604523,
        0.06784193217754364,
        0.06981804966926575,
        0.06687885522842407,
        0.07047319412231445,
        0.05961716175079346,
        0.061155594885349274,
        0.06549641489982605,
        0.06585905700922012,
        0.04929424449801445,
        0.05053094029426575
    ],
    "accuracy": [
        0.7929425239562988,
        0.9098862409591675,
        0.9180518984794617,
        0.9340915679931641,
        0.9437153935432434,
        0.9454651474952698,
        0.9542140364646912,
        0.9568387269973755,
        0.9617964625358582,
        0.9623796939849854,
        0.966754138469696,
        0.9658792614936829,
        0.9679206609725952,
        0.9696704745292664,
        0.9696704745292664,
        0.9690871834754944,
        0.9705453515052795,
        0.9749197959899902,
        0.9746281504631042,
        0.9720035195350647,
        0.9781277179718018,
        0.9755030870437622,
        0.9772528409957886,
        0.9781277179718018,
        0.9795858860015869,
        0.9807524085044861,
        0.9781277179718018,
        0.9792942404747009,
        0.9857101440429688,
        0.9836686849594116
    ],
    "val_loss": [
        0.138189435005188,
        0.13486865162849426,
        0.13839249312877655,
        0.14209550619125366,
        0.1355477273464203,
        0.12842564284801483,
        0.11754913628101349,
        0.10419674217700958,
        0.10290441662073135,
        0.10048236697912216,
        0.09466901421546936,
        0.09232976287603378,
        0.08886950463056564,
        0.09296126663684845,
        0.08767393231391907,
        0.08090557903051376,
        0.08074323832988739,
        0.07936949282884598,
        0.08031389117240906,
        0.0791332945227623,
        0.08085010200738907,
        0.07856261730194092,
        0.07823937386274338,
        0.07672765105962753,
        0.07749103754758835,
        0.07737709581851959,
        0.0788363665342331,
        0.07896813005208969,
        0.07625192403793335,
        0.07537998259067535
    ],
    "val_accuracy": [
        0.9517543911933899,
        0.9561403393745422,
        0.9473684430122375,
        0.9517543911933899,
        0.9517543911933899,
        0.9561403393745422,
        0.9649122953414917,
        0.9649122953414917,
        0.9649122953414917,
        0.9605262875556946,
        0.9605262875556946,
        0.9605262875556946,
        0.9605262875556946,
        0.9605262875556946,
        0.9780701994895935,
        0.9780701994895935,
        0.9736841917037964,
        0.9780701994895935,
        0.969298243522644,
        0.969298243522644,
        0.969298243522644,
        0.9736841917037964,
        0.969298243522644,
        0.9780701994895935,
        0.9780701994895935,
        0.969298243522644,
        0.9736841917037964,
        0.969298243522644,
        0.9736841917037964,
        0.9736841917037964
    ],
    "lr": [
        9.999999747378752e-06,
        9.999999747378752e-06,
        9.999999747378752e-06,
        9.999999747378752e-06,
        9.999999747378752e-06,
        4.999999873689376e-06,
        4.999999873689376e-06,
        4.999999873689376e-06,
        4.999999873689376e-06,
        4.999999873689376e-06,
        4.999999873689376e-06,
        4.999999873689376e-06,
        4.999999873689376e-06,
        4.999999873689376e-06,
        4.999999873689376e-06,
        4.999999873689376e-06,
        4.999999873689376e-06,
        4.999999873689376e-06,
        4.999999873689376e-06,
        4.999999873689376e-06,
        4.999999873689376e-06,
        4.999999873689376e-06,
        4.999999873689376e-06,
        4.999999873689376e-06,
        4.999999873689376e-06,
        4.999999873689376e-06,
        4.999999873689376e-06,
        2.499999936844688e-06,
        2.499999936844688e-06,
        2.499999936844688e-06
    ]
}