{
    "loss": [
        0.8987211585044861,
        0.562857449054718,
        0.500162661075592,
        0.460517019033432,
        0.48203954100608826,
        0.4352632164955139,
        0.395570307970047,
        0.3965040445327759,
        0.3889188766479492,
        0.4134341776371002,
        0.3563677668571472,
        0.40703120827674866,
        0.3827936053276062,
        0.3727981746196747,
        0.33156195282936096,
        0.3271487057209015,
        0.36217001080513,
        0.32154953479766846,
        0.3319884240627289,
        0.3219248056411743,
        0.3149164021015167,
        0.9473931193351746,
        0.7331222295761108,
        0.6349249482154846,
        0.5387715697288513,
        0.5029464960098267,
        0.4942469298839569,
        0.4803186058998108,
        0.47519898414611816
    ],
    "accuracy": [
        0.6615789532661438,
        0.7963157892227173,
        0.7978947162628174,
        0.8221052885055542,
        0.8378947377204895,
        0.8415789604187012,
        0.8557894825935364,
        0.8610526323318481,
        0.8510526418685913,
        0.8463158011436462,
        0.871052622795105,
        0.8500000238418579,
        0.8642105460166931,
        0.8673684000968933,
        0.8842105269432068,
        0.8910526037216187,
        0.8621052503585815,
        0.878947377204895,
        0.8773684501647949,
        0.8794736862182617,
        0.8810526132583618,
        0.6994736790657043,
        0.7478947639465332,
        0.7842105031013489,
        0.8010526299476624,
        0.8131579160690308,
        0.8231579065322876,
        0.8263157606124878,
        0.8394736647605896
    ],
    "val_loss": [
        0.4402199387550354,
        0.267441064119339,
        0.3155076205730438,
        0.30450278520584106,
        0.2789578139781952,
        0.2423476129770279,
        0.253031462430954,
        0.24138334393501282,
        0.309335857629776,
        0.25676947832107544,
        0.2158810794353485,
        0.22936734557151794,
        0.2349942922592163,
        0.35861828923225403,
        0.196042999625206,
        0.28371065855026245,
        0.22070083022117615,
        0.20240524411201477,
        0.21323029696941376,
        0.19901862740516663,
        0.19725541770458221,
        0.1863868683576584,
        0.1796019822359085,
        0.19281652569770813,
        0.18769511580467224,
        0.18926964700222015,
        0.20259584486484528,
        0.2172357738018036,
        0.20388604700565338
    ],
    "val_accuracy": [
        0.8258928656578064,
        0.9151785969734192,
        0.8973214030265808,
        0.8883928656578064,
        0.90625,
        0.9196428656578064,
        0.8928571343421936,
        0.9151785969734192,
        0.8839285969734192,
        0.8928571343421936,
        0.9330357313156128,
        0.9241071343421936,
        0.8928571343421936,
        0.8348214030265808,
        0.9375,
        0.8660714030265808,
        0.9151785969734192,
        0.9285714030265808,
        0.9285714030265808,
        0.9330357313156128,
        0.9375,
        0.9330357313156128,
        0.9375,
        0.9285714030265808,
        0.9375,
        0.9330357313156128,
        0.9241071343421936,
        0.9285714030265808,
        0.9285714030265808
    ],
    "lr": [
        0.004999999888241291,
        0.004999999888241291,
        0.004999999888241291,
        0.004999999888241291,
        0.004999999888241291,
        0.0024999999441206455,
        0.0024999999441206455,
        0.0024999999441206455,
        0.0024999999441206455,
        0.0024999999441206455,
        0.0024999999441206455,
        0.0024999999441206455,
        0.0024999999441206455,
        0.0024999999441206455,
        0.0012499999720603228,
        0.0012499999720603228,
        0.0012499999720603228,
        0.0012499999720603228,
        0.0006249999860301614,
        0.0006249999860301614,
        0.0006249999860301614,
        9.999999747378752e-06,
        9.999999747378752e-06,
        9.999999747378752e-06,
        9.999999747378752e-06,
        9.999999747378752e-06,
        4.999999873689376e-06,
        4.999999873689376e-06,
        4.999999873689376e-06
    ]
}