{
    "loss": [
        0.8675441145896912,
        0.4872626066207886,
        0.3764544427394867,
        0.3170255124568939,
        0.2753680944442749,
        0.262607604265213,
        0.23429618775844574,
        0.2304329127073288,
        0.20929871499538422,
        0.2078171968460083,
        0.19625677168369293,
        0.18462692201137543,
        0.17333148419857025,
        0.1658555418252945,
        0.16892902553081512,
        0.1633126139640808,
        0.16637539863586426,
        0.15226508677005768,
        0.1433715969324112,
        0.1490640640258789,
        0.1396177113056183,
        0.1329210102558136,
        0.13771629333496094,
        0.13413183391094208,
        0.13220743834972382,
        0.12391901761293411,
        0.1366756707429886,
        0.12728656828403473,
        0.12646792829036713,
        0.11805460602045059,
        0.6017698049545288,
        0.25217682123184204,
        0.21450766921043396,
        0.18238213658332825,
        0.16387233138084412,
        0.15114006400108337,
        0.13187512755393982,
        0.13295802474021912,
        0.1184975653886795,
        0.10978583246469498,
        0.09660396724939346,
        0.09763963520526886,
        0.09930034726858139,
        0.10084610432386398,
        0.09110929071903229,
        0.08905212581157684,
        0.09046023339033127,
        0.07553847134113312,
        0.0785345733165741,
        0.07955296337604523,
        0.06784193217754364,
        0.06981804966926575,
        0.06687885522842407,
        0.07047319412231445,
        0.05961716175079346,
        0.061155594885349274,
        0.06549641489982605,
        0.06585905700922012,
        0.04929424449801445,
        0.05053094029426575
    ],
    "accuracy": [
        0.6643336415290833,
        0.8375619649887085,
        0.8792650699615479,
        0.8999708294868469,
        0.914260745048523,
        0.9174686670303345,
        0.9268007874488831,
        0.9244678020477295,
        0.9372994899749756,
        0.9335083365440369,
        0.9390493035316467,
        0.9445902705192566,
        0.9469233155250549,
        0.9507144689559937,
        0.9483814239501953,
        0.9527559280395508,
        0.9469233155250549,
        0.9556722044944763,
        0.9547973275184631,
        0.9524642825126648,
        0.960338294506073,
        0.9568387269973755,
        0.9565470814704895,
        0.960629940032959,
        0.9562554955482483,
        0.9585884809494019,
        0.9553805589675903,
        0.9612131714820862,
        0.9609215259552002,
        0.9635462164878845,
        0.7929425239562988,
        0.9098862409591675,
        0.9180518984794617,
        0.9340915679931641,
        0.9437153935432434,
        0.9454651474952698,
        0.9542140364646912,
        0.9568387269973755,
        0.9617964625358582,
        0.9623796939849854,
        0.966754138469696,
        0.9658792614936829,
        0.9679206609725952,
        0.9696704745292664,
        0.9696704745292664,
        0.9690871834754944,
        0.9705453515052795,
        0.9749197959899902,
        0.9746281504631042,
        0.9720035195350647,
        0.9781277179718018,
        0.9755030870437622,
        0.9772528409957886,
        0.9781277179718018,
        0.9795858860015869,
        0.9807524085044861,
        0.9781277179718018,
        0.9792942404747009,
        0.9857101440429688,
        0.9836686849594116
    ],
    "val_loss": [
        0.5100734829902649,
        0.35879698395729065,
        0.3270694613456726,
        0.2663775682449341,
        0.25274980068206787,
        0.23576486110687256,
        0.22370293736457825,
        0.21253450214862823,
        0.2021968811750412,
        0.19410008192062378,
        0.19072991609573364,
        0.18977639079093933,
        0.17937928438186646,
        0.1797129362821579,
        0.17240451276302338,
        0.19188445806503296,
        0.17122606933116913,
        0.17524787783622742,
        0.16411572694778442,
        0.1671735793352127,
        0.17614729702472687,
        0.15351338684558868,
        0.16447071731090546,
        0.15109209716320038,
        0.16704200208187103,
        0.1541730910539627,
        0.14314387738704681,
        0.1462882161140442,
        0.1406237632036209,
        0.14694108068943024,
        0.138189435005188,
        0.13486865162849426,
        0.13839249312877655,
        0.14209550619125366,
        0.1355477273464203,
        0.12842564284801483,
        0.11754913628101349,
        0.10419674217700958,
        0.10290441662073135,
        0.10048236697912216,
        0.09466901421546936,
        0.09232976287603378,
        0.08886950463056564,
        0.09296126663684845,
        0.08767393231391907,
        0.08090557903051376,
        0.08074323832988739,
        0.07936949282884598,
        0.08031389117240906,
        0.0791332945227623,
        0.08085010200738907,
        0.07856261730194092,
        0.07823937386274338,
        0.07672765105962753,
        0.07749103754758835,
        0.07737709581851959,
        0.0788363665342331,
        0.07896813005208969,
        0.07625192403793335,
        0.07537998259067535
    ],
    "val_accuracy": [
        0.8289473652839661,
        0.890350878238678,
        0.890350878238678,
        0.9254385828971863,
        0.9254385828971863,
        0.9298245906829834,
        0.9122806787490845,
        0.9254385828971863,
        0.9385964870452881,
        0.9385964870452881,
        0.9342105388641357,
        0.9385964870452881,
        0.9429824352264404,
        0.9473684430122375,
        0.9429824352264404,
        0.9254385828971863,
        0.9429824352264404,
        0.9385964870452881,
        0.9517543911933899,
        0.9473684430122375,
        0.9429824352264404,
        0.9517543911933899,
        0.9429824352264404,
        0.9517543911933899,
        0.9473684430122375,
        0.9473684430122375,
        0.9517543911933899,
        0.9561403393745422,
        0.9517543911933899,
        0.9517543911933899,
        0.9517543911933899,
        0.9561403393745422,
        0.9473684430122375,
        0.9517543911933899,
        0.9517543911933899,
        0.9561403393745422,
        0.9649122953414917,
        0.9649122953414917,
        0.9649122953414917,
        0.9605262875556946,
        0.9605262875556946,
        0.9605262875556946,
        0.9605262875556946,
        0.9605262875556946,
        0.9780701994895935,
        0.9780701994895935,
        0.9736841917037964,
        0.9780701994895935,
        0.969298243522644,
        0.969298243522644,
        0.969298243522644,
        0.9736841917037964,
        0.969298243522644,
        0.9780701994895935,
        0.9780701994895935,
        0.969298243522644,
        0.9736841917037964,
        0.969298243522644,
        0.9736841917037964,
        0.9736841917037964
    ],