{
    "loss": [
        0.8675441145896912,
        0.4872626066207886,
        0.3764544427394867,
        0.3170255124568939,
        0.2753680944442749,
        0.262607604265213,
        0.23429618775844574,
        0.2304329127073288,
        0.20929871499538422,
        0.2078171968460083,
        0.19625677168369293,
        0.18462692201137543,
        0.17333148419857025,
        0.1658555418252945,
        0.16892902553081512,
        0.1633126139640808,
        0.16637539863586426,
        0.15226508677005768,
        0.1433715969324112,
        0.1490640640258789,
        0.1396177113056183,
        0.1329210102558136,
        0.13771629333496094,
        0.13413183391094208,
        0.13220743834972382,
        0.12391901761293411,
        0.1366756707429886,
        0.12728656828403473,
        0.12646792829036713,
        0.11805460602045059
    ],
    "accuracy": [
        0.6643336415290833,
        0.8375619649887085,
        0.8792650699615479,
        0.8999708294868469,
        0.914260745048523,
        0.9174686670303345,
        0.9268007874488831,
        0.9244678020477295,
        0.9372994899749756,
        0.9335083365440369,
        0.9390493035316467,
        0.9445902705192566,
        0.9469233155250549,
        0.9507144689559937,
        0.9483814239501953,
        0.9527559280395508,
        0.9469233155250549,
        0.9556722044944763,
        0.9547973275184631,
        0.9524642825126648,
        0.960338294506073,
        0.9568387269973755,
        0.9565470814704895,
        0.960629940032959,
        0.9562554955482483,
        0.9585884809494019,
        0.9553805589675903,
        0.9612131714820862,
        0.9609215259552002,
        0.9635462164878845
    ],
    "val_loss": [
        0.5100734829902649,
        0.35879698395729065,
        0.3270694613456726,
        0.2663775682449341,
        0.25274980068206787,
        0.23576486110687256,
        0.22370293736457825,
        0.21253450214862823,
        0.2021968811750412,
        0.19410008192062378,
        0.19072991609573364,
        0.18977639079093933,
        0.17937928438186646,
        0.1797129362821579,
        0.17240451276302338,
        0.19188445806503296,
        0.17122606933116913,
        0.17524787783622742,
        0.16411572694778442,
        0.1671735793352127,
        0.17614729702472687,
        0.15351338684558868,
        0.16447071731090546,
        0.15109209716320038,
        0.16704200208187103,
        0.1541730910539627,
        0.14314387738704681,
        0.1462882161140442,
        0.1406237632036209,
        0.14694108068943024
    ],
    "val_accuracy": [
        0.8289473652839661,
        0.890350878238678,
        0.890350878238678,
        0.9254385828971863,
        0.9254385828971863,
        0.9298245906829834,
        0.9122806787490845,
        0.9254385828971863,
        0.9385964870452881,
        0.9385964870452881,
        0.9342105388641357,
        0.9385964870452881,
        0.9429824352264404,
        0.9473684430122375,
        0.9429824352264404,
        0.9254385828971863,
        0.9429824352264404,
        0.9385964870452881,
        0.9517543911933899,
        0.9473684430122375,
        0.9429824352264404,
        0.9517543911933899,
        0.9429824352264404,
        0.9517543911933899,
        0.9473684430122375,
        0.9473684430122375,
        0.9517543911933899,
        0.9561403393745422,
        0.9517543911933899,
        0.9517543911933899
    ],
    "lr": [
        0.0005000000237487257,
        0.0005000000237487257,
        0.0005000000237487257,
        0.0005000000237487257,
        0.0005000000237487257,
        0.0005000000237487257,
        0.0005000000237487257,
        0.0005000000237487257,
        0.0005000000237487257,
        0.0005000000237487257,
        0.0005000000237487257,
        0.0005000000237487257,
        0.0005000000237487257,
        0.0005000000237487257,
        0.0005000000237487257,
        0.0005000000237487257,
        0.0005000000237487257,
        0.0005000000237487257,
        0.0005000000237487257,
        0.0005000000237487257,
        0.0005000000237487257,
        0.0005000000237487257,
        0.0005000000237487257,
        0.0005000000237487257,
        0.0005000000237487257,
        0.0005000000237487257,
        0.0005000000237487257,
        0.0005000000237487257,
        0.0005000000237487257,
        0.0005000000237487257
    ]
}